club_key,group_number,club_name,primary_language,address,zipcode,city,province,country
1,100,LA PILERIE,French,rue de la Pilerie 15,6590.0,Momignies,Hainaut,Belgium
2,101,BAM,French,Avenue Mathieu 9-11,6600.0,Bastogne,Luxembourg,Belgium
3,102,LES DAHUTS - ANDAGE,French,route d'Hatrival 11,6870.0,Saint-Hubert,Luxembourg,Belgium
4,103,LES TUNIQUES BLEUES,French,Rue Buisson aux Loups 12,1400.0,Nivelles,Brabant Wallon,Belgium
5,104,EVASION,French,Rue Léon Houtard 18,7110.0,Houdeng Goegnies,Hainaut,Belgium
6,105,LES AUBEPINES,French,Rue de l'Institut 40,4632.0,Cerexhe-Heuseux,Liège,Belgium
7,107,S.J.N. CLUB,French,Rue d'Anethan 33,1030.0,,Bruxelles,Belgium
8,109,LES CARACOLES,French,Rue D'Arquet 99,5000.0,,Namur,Belgium
9,110,LES QUILLES LIBRES,French,Rue de Sesselich 236,6700.0,Arlon,Luxembourg,Belgium
10,111,LA CLAIRIÈRE,French,Av. des Hannetons 58,1170.0,,Bruxelles,Belgium
11,112,RJCV SPORT,French,"Rue de Reumont, 143",5020.0,Malonne,Namur,Belgium
12,113,CLERLANDE SPORT,French,Allée de Clerlande 7,1340.0,Ottignies,Brabant Wallon,Belgium
13,115,LES OURSONS,French,Rue d'Anton 302,5300.0,Bonneville,Namur,Belgium
14,116,LES COPAINS,French,Rue Heideken 58,1083.0,,Bruxelles,Belgium
15,118,LES GRINGOS,French,Boulevard dessus de laVille 193,5550.0,Sugny,Namur,Belgium
16,119,METHYS,French,Quai de Rome 21,4000.0,Liege,Liège,Belgium
17,120,L'EFFORT,French,Rue St. Nicolas 554,4000.0,Liege,Liège,Belgium
18,121,L'ENVOL,French,Rue de La Vellerie 131,7700.0,Mouscron,Hainaut,Belgium
19,122,LA FORESTIERE,French,Rue de l'Ete 100,1050.0,,Bruxelles,Belgium
20,123,LA CLARINE,French,rue Dieu d'en bas 44,7170.0,Fayt-Lez-Manage,Hainaut,Belgium
21,124,JENNEVAUX RENCONTRE,French,rue du Centre 53,5170.0,Lesve,Namur,Belgium
22,125,LES KOLOUTES,French,Avenue Félix Lacourt 70,1390.0,Grez-Doiceau,Brabant Wallon,Belgium
23,126,SPORT DE L'AMITIE,French,,,Mont-Saint-Guibert,Brabant Wallon,Belgium
24,127,PÉRUWELZ RAINBOW SPORTS,French,Carrière d'Antour 1,7520.0,Tournai,Hainaut,Belgium
25,128,LES HAUTES ARDENNES,French,Place des Chasseurs Ardennais,6690.0,Vielsalm,Luxembourg,Belgium
26,129,C.S. DE HEMPTINNE,French,Drève de Hemptinne 4,1350.0,Jauche,Brabant Wallon,Belgium
27,131,LES ACACIAS,French,"Allée de la Cense du Colombier,2",1400.0,Nivelles,Brabant Wallon,Belgium
28,132,LA CORDEE SPORTS,French,Rue de l'Institut 30,5004.0,Bouge,Namur,Belgium
29,133,LES 1001 NUITS,French,Avenue Felix Lacourt 198,1390.0,Grez-Doiceau,Brabant Wallon,Belgium
30,134,CENTRE CERFONTAINE,French,Rue de la Loquette 39,7600.0,Peruwelz,Hainaut,Belgium
31,135,LE CASTILLON,French,Rue de la Malogne 3,7100.0,La Louvière,Hainaut,Belgium
32,137,MOSPO,French,Rue du Crétinier 184,7712.0,Herseaux,Hainaut,Belgium
33,138,OKAPI SPORT,French,Chaussée de Bruxelles 184,7061.0,Casteau,Hainaut,Belgium
34,139,CLAIRVAL SPORT ACIS,French,Place J. Maréchal 5,6940.0,Barvaux,Luxembourg,Belgium
35,140,LE SESAME,French,Avenue De Messidor 16,1180.0,,Bruxelles,Belgium
36,142,FARRA STRATEGIE,French,Rue de La Stratégie 30,1160.0,Auderghem,Bruxelles,Belgium
37,143,LE CHAT BOTTÉ,French,Rue Anatole France 1,7100.0,La Louvière,Hainaut,Belgium
38,144,LES PLATANES,French,Rue du Loutrier 75,1170.0,,Bruxelles,Belgium
39,145,LE PRETEXTE,French,Av. Kersbeek 340,1180.0,,Bruxelles,Belgium
40,146,LE PETIT POUCET,French,Rue du Fief 4,6470.0,Sivry,Hainaut,Belgium
41,147,CENTRE REINE FABIOLA,French,Rue de Neufvilles 455,7063.0,Neufvilles,Hainaut,Belgium
42,148,LES RENARDS DE VOLAIVILLE,French,Rue de la Misbour 370,6637.0,Fauvillers,Luxembourg,Belgium
43,152,S.R.A. L'ODYSSEE,French,"Rue de la Paix, 102",6061.0,Montignies / S / Sambre,Hainaut,Belgium
44,153,L'ESPACE LIOBA,French,"Avenue Vauban, 8",5000.0,,Namur,Belgium
45,154,LES BLÉS D’OR,French,Route de Velaines 23,7543.0,Mourcourt,Hainaut,Belgium
46,155,DELTA,French,Boulevard de Waterloo 1O5,1000.0,,Bruxelles,Belgium
47,157,DOMITILLE,French,Rue de Bosfagne 51 A,4950.0,Waimes,Liège,Belgium
48,158,SPORT ESPOIR,French,Domaine des Croisiers 2,4821.0,Dison  Andrimont,Liège,Belgium
49,159,LES BOLETS,French,Chaussée de La Hulpe 331,1170.0,,Bruxelles,Belgium
50,160,B.S.C. OSTBELGIEN,French,Dorfstraße 37,4780.0,Recht,Liège,Belgium
51,161,HOME VALERE DELCROIX,French,"46, rue du Pont Rieu",7500.0,Tournai,Hainaut,Belgium
52,162,A.T.L.A.S.H.,French,Grand Route 47,4500.0,Tihange,Liège,Belgium
53,163,FOYER DU FORT,French,Avenue du fort 288,4400.0,Flemalle,Liège,Belgium
54,164,ARBOTEAM,French,Rue de Briffoeil 31,7604.0,Wasmes A-B,Hainaut,Belgium
55,165,LE COLOMBIER,French,"Allée de la Cense du Colombier,2",1400.0,Nivelles,Brabant Wallon,Belgium
56,166,LES GOELANDS,French,Chemin du Home André Livémont 1,7972.0,Aubechies,Hainaut,Belgium
57,168,VRAIES RICHESSES,French,Rue de la Procession 24,1070.0,,Bruxelles,Belgium
58,169,CERISAIE SPORT,French,Rue de la Cerisaie 8,4690.0,Bassenge,Liège,Belgium
59,173,ALBATROS,French,Chemin du Bois 5,5660.0,Petite-Chapelle,Namur,Belgium
60,174,ALTEO MOUSCRON,French,Rue Saint Joseph 2,7700.0,Mouscron,Hainaut,Belgium
61,176,OLDS BRACQS,French,Rue Ergot 2,7110.0,Strepy-Bracquegnies,Hainaut,Belgium
62,177,"CERCLE SPORTIF ""LA SEVE""",French,Rue des 2 Tilleuls 45,4652.0,Xhendelesse,Liège,Belgium
63,178,LE JARDIN DES FÉES,French,Avenue de Jemappes 135B,7000.0,Mons,Hainaut,Belgium
64,179,EQUI - VALENCE,French,Rue les Frès 6A,6470.0,Rance,Hainaut,Belgium
65,180,PONY-CLUB HOF TE BEVER ASBL,French,"Place Albert 1er, 12/2",7070.0,Mignault,,Belgium
66,181,LA POMMERAIE,French,Rue Neuve 15,7972.0,Ellignies-Ste-Anne,Hainaut,Belgium
67,182,LES CANAILLES,French,Rue des Beguines 4,4350.0,Momalle,Liège,Belgium
68,183,LE BOIS ROUSSEL,French,Rue de Marchiennes 32,6110.0,Montigny-Le-Tilleul,Hainaut,Belgium
69,184,OXYGENE,French,Chemin de Foresse s/n,5300.0,Sclayn,Namur,Belgium
70,186,SIROCCO,French,Rue Toûne 6,1461.0,Haut-Ittre,Brabant Wallon,Belgium
71,187,AU PETIT BONHEUR,French,Thier Saint Léonard 50,4460.0,Grâce-Hollogne,Liège,Belgium
72,189,FOYER DE THÉMIS,French,Rue des fusillés 5,4141.0,Sprimont,Liège,Belgium
73,191,LES SCORPIONS,French,Rue du Roi Chevalier 1A,7904.0,Willaupuis,Hainaut,Belgium
74,194,LES SPITANTS,French,Rue Cheneux 16,4540.0,Amay,Liège,Belgium
75,195,LE KOALA,French,Rue Walthère Dewé 60,4000.0,Liege,Liège,Belgium
76,196,LES OLIVIERS SPORT,French,Rue de Herve 449,4030.0,Grivegnee,Liège,Belgium
77,197,L'ESCAPADE,French,Rue du Quinconce 16,7110.0,Houdeng-Aimeries,Hainaut,Belgium
78,198,LE CHEVREFEUIL,French,Rue de Préfayhai 21,4900.0,Spa,Liège,Belgium
79,203,FUN GYM B/ DANS LES YEUX DE LISA,French,Rue du Fonteneau 12,1400.0,Nivelles,Brabant Wallon,Belgium
80,204,C.S. KANGOUROUS,French,Chée de Tirlemont 60,1370.0,Jodoigne,Brabant Wallon,Belgium
81,205,ASCENSION 2,French,chemin de la Motelette 12,7322.0,Pommeroeul,Hainaut,Belgium
82,206,LA SOURIS VERTE,French,Chaussée de Roeulx 63,7000.0,Mons,Hainaut,Belgium
83,207,LES GRILLONS,French,Rue de Chèvremont 35,4051.0,Vaux-Sous-Chevremont,Liège,Belgium
84,209,HAMA II,French,Rue Jules Lejeune 46,1050.0,,Bruxelles,Belgium
85,210,A.S. AURORE,French,Rue du Château 82,6150.0,Anderlues,Hainaut,Belgium
86,211,LES BARRACUDAS,French,Rue de la Résistance 5,7610.0,Rumes,Hainaut,Belgium
87,213,LA PASSERELLE,French,Rue Middelbourg 68,1170.0,,Bruxelles,Belgium
88,214,L'ENVOLÉE,French,Rue Maison Communale 4,4802.0,Heusy-Verviers,Liège,Belgium
89,215,KEGELJAN,French,Rue Vandervelde 32,5190.0,Ham-Sur-Sambre,Namur,Belgium
90,217,GRAND AXHE,French,Rue Georges César 50,4300.0,Waremme,Liège,Belgium
91,219,BOTHEY CLUB,French,Rue Louis Burteau 48,5032.0,Gembloux,Namur,Belgium
92,221,INSTITUT DU BON PASTEUR,French,Rue d'Hoyaux 6,7602.0,Bury,Hainaut,Belgium
93,222,CENTRE DE VIE,French,Avenue J.J. Crocq 8,1090.0,,Bruxelles,Belgium
94,223,STARTEMIA,French,"Avenue des Champs, 129 b",1040.0,Etterbeek,Bruxelles,Belgium
95,224,LE GARDIAN V3,French,Rue de Bidet 8,5590.0,Chapois -Leignon,Namur,Belgium
96,227,TOMA STENA,French,"Rue Entre-Deux-Bois, 55",4670.0,Blegny,Liège,Belgium
97,229,DREAM TEAM,French,Rue du Melkriek 100,1180.0,,Bruxelles,Belgium
98,231,LE MAGNOLIA,French,"Omer Lescot, 12",7334.0,Hautrage,Hainaut,Belgium
99,232,ORFEA,French,"Avenue des Champs, 129",1040.0,Etterbeek,Bruxelles,Belgium
100,233,LES PETUNIAS,French,Avenue de la Couronne 554,1050.0,,Bruxelles,Belgium
101,234,CONFORT SOCIAL,French,"Rue de la Chassaudrie, 23-25",7600.0,Peruwelz,Hainaut,Belgium
102,235,LES FOUGERES,French,Rue du Loutrier 63,1170.0,,Bruxelles,Belgium
103,236,LA MAISON D'EMERAUDE,French,"Rue Aze Fosse, 31",6870.0,Arville,Luxembourg,Belgium
104,237,EMBARQUEMENT IMMEDIAT,French,avenue Macar 5,4100.0,Seraing,Liège,Belgium
105,238,LE VILLAGE,French,Avenue François Geuten 88,7780.0,Comines,Hainaut,Belgium
106,241,MISTRAL SPORT,French,Rue Solovaz 15,4470.0,Saint-Georges-Sur-Meuse,Liège,Belgium
107,242,C.S. LES TCHANTCHES,French,Rue de Herve 449,4030.0,Grivegnee,Liège,Belgium
108,243,LES RENES DE LA VIE,French,Chaussée de Bruxelles 111 bte 4,1310.0,La Hulpe,Brabant Wallon,Belgium
109,245,EQUISTAL,French,"Rue du Centre, 59",1404.0,Bornival,Brabant Wallon,Belgium
110,246,LE COUP FRANC,French,Rue St. Wivine 15,1315.0,Sart-Risbart,Brabant Wallon,Belgium
111,248,I.S.B.,French,Kattenberg 19,1170.0,Boitsfort,Bruxelles,Belgium
112,249,ROQUEBRUNE,French,Avenue Vauban 8,5000.0,,Namur,Belgium
113,251,LES PETITS GODETS,French,Rue de Cronfestu 28,7141.0,Carnieres,Hainaut,Belgium
114,252,LA FORET,French,Val des Epinettes 17,1150.0,,Bruxelles,Belgium
115,253,LES WEIGELIAS,French,Avenue de l'Arbalète 58,1170.0,,Bruxelles,Belgium
116,254,HADEP,French,Chée de Neerstalle 265,1190.0,,Bruxelles,Belgium
117,255,SAPI-CHAPELLE,French,"Rue des Bureaux, 6-8",7160.0,Chapelle-Lez-Herlaimont,Hainaut,Belgium
118,256,LES QUATRE SAISONS,French,Rue Principale 36,6953.0,Ambly,Luxembourg,Belgium
119,258,LES ALIZES,French,Rue des Fusillés 1,4837.0,Membach (Baelen),Liège,Belgium
120,259,COLIBRIS CLUB,French,Rue Sart-Moulin 1,1421.0,Ophain Bois Seigneur Isaac,Brabant Wallon,Belgium
121,260,L'ENTRE DEUX,French,Thier des Raves 2,4550.0,Nandrin,Liège,Belgium
122,261,LES LAPINS BLEUS,French,Rue La Ringe 20,5550.0,Alle S/ Semois,Namur,Belgium
123,262,ENVOL (LE DIARBOIS),French,"1ère Rue, 23 - Parc d'activités Economiques",6040.0,Jumet,Hainaut,Belgium
124,263,SAPI-TEAM,French,Chemin de Mons 29,7050.0,Masnuy-St-Jean,Hainaut,Belgium
125,267,ASBL ESSENTIEL,French,Chaussée de Louvain 563 A,1380.0,Lasne,Brabant Wallon,Belgium
126,268,DYNAMISPORT,French,Clos des Verdiers 9,1420.0,Braine L'Alleud,Brabant Wallon,Belgium
127,271,LE TOURNESOL SPORTIF,French,Chaussée de Dottignies 124,7730.0,Estaimpuis,Hainaut,Belgium
128,272,LE PETIT PRINCE DE COURCELLES,French,Rue des Claires fontaines 114,6180.0,Courcelles,Hainaut,Belgium
129,273,SAJA SOLIGNAC,French,Rue des  Lilas 7,5364.0,Hamois (Schaltin),Namur,Belgium
130,274,TABUCHET SPORT,French,Boulevard Ernest Solvay 475,4000.0,,Liège,Belgium
131,275,LA SYMPHONIE,French,Avenue Gustave Maigret 39,7030.0,Saint-Symphorien,Hainaut,Belgium
132,279,HAMA 1,French,Avenue  Ernest Cambier 10,1030.0,,Bruxelles,Belgium
133,281,RESIDENCE ÉLYSÉE,French,Trieu Moriau 3,7542.0,Mont-Saint-Aubert,Hainaut,Belgium
134,282,LA CASSINE,French,Place P- H Jouret 14-17,7880.0,Flobecq,Hainaut,Belgium
135,284,L'AIR DE PAIX,French,Route de Bavay 56,7080.0,Frameries,Hainaut,Belgium
136,285,LA BASTIDE,French,Avenue Vauban 8,5000.0,,Namur,Belgium
137,286,JUDO CLUB WELLIN ASBL,French,"Rue Paul Dubois, 45",6920.0,Wellin,Luxembourg,Belgium
138,287,HOCKEY TOGETHER PINGOUIN NIVELLES,French,"67, rue du Monde",1400.0,Nivelles,Brabant Wallon,Belgium
139,288,LE JARDIN DES ANGES,French,Rue de Ropaix n°16,7370.0,Dour,Hainaut,Belgium
140,289,NEW MOBILITY CLUB SPORTIF DE MOUSCRON,French,"Rue du Bois, 103",7700.0,Mouscron,Hainaut,Belgium
141,290,LOTUS D'OCQUIER,French,"Grand Rue, 62",4560.0,Ocquier,Liège,Belgium
142,291,LES DALTONS,French,"Rue Georges Tondeur, 60",7040.0,Quevy-Le-Grand (Mons),Hainaut,Belgium
143,292,CARPE DIEM ASBL,French,Rue du Plateau 11,5100.0,Jambes,Namur,Belgium
144,293,LES 3 SAPINS,French,Rue François Onckelet 10,7070.0,Mignault,Hainaut,Belgium
145,294,LA SAPINIERE DE QUAREGNON,French,Rue De Pâturages 48,7390.0,Quaregnon,Hainaut,Belgium
146,296,KANO JC TOURNAI,French,Rue de la Royère 80,7730.0,Nechin,Hainaut,Belgium
147,297,FOYER DU CALYDON,French,,,,Liège,Belgium
148,298,CERCLE ADAPTE ANDENNAIS,French,Rue de Velaine 162,5300.0,Andenne,Namur,Belgium
149,299,A.C.I.S. SOLEIL LEVANT,French,"Rue de Lodelinsart, 97",6061.0,Montignies - Sur - Samble,Hainaut,Belgium
150,300,LE CHAF ASBL,French,Rue Jules Maltaux 62,6240.0,Farciennes,Hainaut,Belgium
151,302,LE GRIMOIRE,French,Rue du Couvent 50,6890.0,Transinne,Luxembourg,Belgium
152,303,LES 3 FÉES,French,"Rue de la Sauveniere,100",4900.0,Spa,Liège,Belgium
153,304,LES DRAGONS,French,Rue Bonaert 29,7011.0,Ghlin,Hainaut,Belgium
154,306,MAISON DES PILIFS,French,"Place Peeter Benoît, 3",1120.0,,Bruxelles,Belgium
155,307,JOSO ASBL,French,Avenue du Pesage 12,1050.0,Ixelles,Bruxelles,Belgium
156,308,LA CARAVELLE,French,Rue du Canal 17,7640.0,Peronnes - Lez - Antoing,Hainaut,Belgium
157,309,LA RENAISSANCE,French,Avenue Maistriau 52,7000.0,Mons,Hainaut,Belgium
158,310,VISÉ - CENTRE DE CERFONTAINE,French,Rue Du Long Fossé 166A,4684.0,Haccourt,Liège,Belgium
159,311,CHEVAL ET FORET,French,Rue du Rouge-Cloître 5,1160.0,Auderghem,Bruxelles,Belgium
160,312,FAGN' HANDISPORTS ASBL,French,Winamplanche 6,4900.0,Spa,Liège,Belgium
161,314,LIFE BADMINTON LE ROEULX,French,Manoir Saint Jean,7070.0,Le Roeulx,Hainaut,Belgium
162,315,ECOLE NOS PILIFS,French,Avenue des Pagodes 212,1020.0,Laeken,Bruxelles,Belgium
163,316,LA CADOLE ASBL,French,Avenue de la Basilique 55,7603.0,Bonsecours,Hainaut,Belgium
164,317,CTM - CAROLO TEAM MARCINELLE,French,Rue du Débarcadère 100,6001.0,Marcinelle,Hainaut,Belgium
165,318,L'ECHALIER,French,Rue de L'Institut 40,4632.0,Cerexhe - Heuseux,Liège,Belgium
166,319,ASBL L'ETOILE FILANTE,French,"Pont- A - La - Faulx, 107",7600.0,Péruwelz,Hainaut,Belgium
167,321,ACBBH,French,Quartier Des Bruyères 5,7321.0,Blaton,Hainaut,Belgium
168,322,ACBB,French,Quartier des Bruyères 5,7321.0,Blaton,Hainaut,Belgium
169,323,LA GARENNE,French,"Rue du Vert Velu, 67",7608.0,Wiers - Péruwelz,Hainaut,Belgium
170,324,LES VELDEMANNEKES,French,Jules Bordetlaan 132A,1140.0,Brussel,Bruxelles,Belgium
171,325,ALL STARS,French,Rue Anntoine Gosselin 16,7973.0,Strambruges,Hainaut,Belgium
172,326,LE PART'AGE,French,Rue du Saclet 2,7730.0,Estaimpuis,Hainaut,Belgium
173,327,LE PAYS DE COCAGNE,French,Chaussée du Roeulx 63,7000.0,Mons,Hainaut,Belgium
174,328,16 ÂMES,French,"Vieux Chemin De Lille, 36",7501.0,Orcq,Hainaut,Belgium
175,329,L'ACCUEIL MOSAN ASBL,French,Avenue de la Marlagne 205,5000.0,,Namur,Belgium
176,330,LA BOULAIE,French,Rue Jéricho 10,6460.0,Chimay,Hainaut,Belgium
177,331,SAPI BL'A,French,213 Avenue Alphonse Allard,1420.0,Braine L'Alleud,Brabant Wallon,Belgium
178,332,B.C. CLERFAYT,French,Rue de Clerfayt 104/C,,,Hainaut,Belgium
179,333,EESSCF - LES PEUPLIERS,French,Rue Mionvaux 33,6900.0,Marloie,Luxembourg,Belgium
180,334,LE NIDVELLES° (LE COLOMBIER 2),French,Allée de la Cense du Colombier 2,1400.0,Nivelles,Brabant Wallon,Belgium
181,335,ASCENSION ERQUELINNES,French,13 rue de Bougnies,6560.0,Erquelinnes,Hainaut,Belgium
182,336,LONCIN AU PETIT BONHEUR,French,Rue de Jemeppe 224,4431.0,Loncin,Liège,Belgium
183,338,C GO GYM,French,Rue du Bornoville 49,7700.0,Mouscron,Hainaut,Belgium
184,339,CIGALINE,French,Rue de l'Hopital 3,6567.0,Merbes-Le-Château,Hainaut,Belgium
185,340,WOLFHANDI RACLO,French,"boulevard du Tivoli, 80",7100.0,La Louvière,Hainaut,Belgium
186,341,JUDO TOP NIVEAU TOURNAI,French,Rue Du Désert 37,7500.0,Tournai,Hainaut,Belgium
187,342,AU FOYER DE CASSIOPEE,French,Cour 3,4987.0,Stoumont,Liège,Belgium
188,343,HOCKEY TOGETHER,French,"Vieille Rue du Moulin, 230",1180.0,Uccle,Bruxelles,Belgium
189,344,RESIDENCE CHATEAU ARC-EN-CIEL,French,Rue docteur coffee 15,7110.0,Strepy Bracquegnies,Hainaut,Belgium
190,345,ASBL LES PASSEREAUX,French,Route d'Henri Chapelle 10,4650.0,Battice,Liège,Belgium
191,346,TAGO ASBL,French,Rue des faînes 228,1120.0,Neder-Over-Heembeek,Bruxelles,Belgium
192,347,TIFRA HENSIES,French,"Rue Haute, 32",7350.0,Hensies,Hainaut,Belgium
193,348,NOKTO,French,"Rue des faines, 228",1120.0,Neder-Over-Hembeek,Bruxelles,Belgium
194,349,LE BOIS DE SAPINS,French,"Chaussée de Louvain, 27",1210.0,Saint-Josse Ten-Noode,Bruxelles,Belgium
195,350,LES LEUPS,French,Thier St Leonard 50,4460.0,Grâce-Hollogne,Liège,Belgium
196,351,LES MARSOUX,French,"Débarcadère, 100",6001.0,Marcinelle,Hainaut,Belgium
197,352,LA PREVOTE,French,"2, Place de la résistance",7331.0,Baudour,Hainaut,Belgium
198,353,MALMEDY ATHLETIC CLUB,French,Rue St Hilaire 28,4960.0,Malmedy,Liège,Belgium
199,354,LE SEQUOIA,French,"Chaussée de Maubeuge,470Bis",7022.0,Hyon,Hainaut,Belgium
200,355,VILLA PILIFS,French,Rue du Wimpelberg 188,1120.0,Neder-Over-Heembeek,Bruxelles,Belgium
201,356,REVALITY SPORT ASBL,French,"Allée de Clerlande,6",1340.0,Ottignies-Louvain-La-Neuve,Brabant Wallon,Belgium
202,357,FOOT'GERES,French,Rue du Couvent 16A,7340.0,Colfontaine,Hainaut,Belgium
203,358,DOMAINE DE LA PASSERELLE,French,Chaussée de Churchill 54,4420.0,Liège,,Belgium
204,359,ÉTOILE MARCHOISE,French,Chaussée de l'Ourthe 96,6900.0,Marche-En-Famenne,Luxembourg,Belgium
205,360,FOYER D'ASTREE,French,Rue De Tilff 412,4031.0,Liège,,Belgium
206,361,LES CHANTERELLES,French,Rue Beauregard 27,4130.0,Esneux,Liège,Belgium
207,362,RÉSIDENCE TIFRA,French,Rue du Bourrelier 30,7050.0,Jurbise,Hainaut,Belgium
208,500,LOMMELSE TENNIS CLUB,Dutch,Sint Bernardstraat,3920.0,Lommel,Limburg,Belgium
209,501,ZONNELIED,Dutch,Kloosterstraat 7,1761.0,Roosdaal,Vlaams Brabant,Belgium
210,502,BORGERSTEIN,Dutch,Kapelweg 7,2860.0,Sint-Katelijne-Waver,Antwerpen,Belgium
211,504,DE GRAAF,Dutch,Welzijnscampus 5/B31,3600.0,Genk,,Belgium
212,505,OPEN KANS,Dutch,Welzijnscampus 5 bus 31,3600.0,Genk,Limburg,Belgium
213,506,G-BLACK DEVILS UNITED,Dutch,Cousseweg 7,8490.0,Jabbeke,West-Vlaanderen,Belgium
214,507,DRAPI,Dutch,Spoorweglaan 19,9840.0,De Pinte,Oost-Vlaanderen,Belgium
215,508,SPORTCLUB DRUIVENSTREEK,Dutch,Deromstraat 45,3080.0,Duisburg,Vlaams Brabant,Belgium
216,509,FRISA,Dutch,Lostraat 175,1760.0,Roosdaal,Vlaams Brabant,Belgium
217,510,JC KUMIUCHI BERLARE,Dutch,Dorp 37b,9290.0,Berlare,Oost-Vlaanderen,Belgium
218,511,TER MUIDEN VZW,Dutch,Meulestraat 6,8730.0,Oedelem,West-Vlaanderen,Belgium
219,512,HET GIELSBOS,Dutch,Vosselaarseweg 1,2275.0,Gierle,Antwerpen,Belgium
220,513,RECREAS DAMESVOETBALCLUB,Dutch,Hoge Kouter 11,8560.0,Gullegem,West-Vlaanderen,Belgium
221,514,ZEVENHUIZEN,Dutch,Gestichtstraat 2,9000.0,Gent,Oost-Vlaanderen,Belgium
222,515,KJC BAZEL,Dutch,Beekdam 1,9150.0,Bazel,Oost-Vlaanderen,Belgium
223,516,MASS,Dutch,Kasteeldreef 2,9630.0,Zwalm - Beerlegem,Oost-Vlaanderen,Belgium
224,517,M.P.I. MAASEIK,Dutch,Bokkerijdersweg 20,3680.0,Maaseik,Limburg,Belgium
225,518,ARUM,Dutch,Stokkemerbaan 147,3650.0,Dilsen-Stokkem,Limburg,Belgium
226,521,ONS ERF,Dutch,Chartreuseweg 53,8200.0,St-Michiels,West-Vlaanderen,Belgium
227,522,BC WIT-WIT RONSE,Dutch,Muziekbosstraat 35,9600.0,Ronse,Oost-Vlaanderen,Belgium
228,523,SPELIN WIJCHMAAL,Dutch,Sint Elisabethlaan  20,3990.0,Peer,Limburg,Belgium
229,524,AVZK,Dutch,Blindejennestraat 40,2221.0,Booischot,Antwerpen,Belgium
230,525,SABA,Dutch,Leernsesteenweg 53,9800.0,Deinze,Oost-Vlaanderen,Belgium
231,527,MIVALTI,Dutch,Gruuthusestraat 36,8700.0,Tielt,West-Vlaanderen,Belgium
232,528,BLIJDORP BUGGENHOUT,Dutch,P/A Blijdorpstraat 3,9255.0,Buggenhout,Oost-Vlaanderen,Belgium
233,530,DE HOGE KOUTER,Dutch,Bad Godesberglaan 19,8500.0,Kortrijk,West-Vlaanderen,Belgium
234,531,OLO-Rotonde VZW,Dutch,Miksebaan 2264 B,2930.0,Brasschaat,Antwerpen,Belgium
235,532,S.C. VIRO VZW,Dutch,Koning Albert 1 laan 188,8200.0,Brugge,West-Vlaanderen,Belgium
236,533,VZW FIETS-WANDELCLUB FIT LSA,Dutch,G. Van Der Lindenlaan 10 bus3,2570.0,Duffel,Antwerpen,Belgium
237,534,LEUVEN AQUATICS vzw,Dutch,Naamsevest 106,3000.0,Leuven,Vlaams Brabant,Belgium
238,535,DE BRANDING,Dutch,Ringlaan 30,8501.0,Kortrijk-Heule,West-Vlaanderen,Belgium
239,536,A.V. LYRA-LIERSE,Dutch,Grote Doelstraat 3,2820.0,Bonheiden,Antwerpen,Belgium
240,537,VZW DE VLEUGELS,Dutch,"Stokstraat,1",8650.0,Klerken,West-Vlaanderen,Belgium
241,538,GAVERLAND,Dutch,Leenstraat 31-35,9890.0,Vurste,Oost-Vlaanderen,Belgium
242,539,SMASHING LEUVEN,Dutch,Tervuursevest 101,3001.0,Leuven,Vlaams Brabant,Belgium
243,540,KVC 3 LINDEN GENK,Dutch,Arbeidsstraat 72,3600.0,Genk,Limburg,Belgium
244,541,KLAVIER,Dutch,Zwart Goor 1,2330.0,Merksplas,Antwerpen,Belgium
245,543,ROZENKRANS,Dutch,Albert I - laan 54,8670.0,Oostduinkerke,West-Vlaanderen,Belgium
246,544,ROYAL GHENT SWIMMING CLUB,Dutch,Lindestraat 93,9090.0,Melle,Oost-Vlaanderen,Belgium
247,545,ZONNEHOEVE / LIVING+,Dutch,Zonnestraat 13,9810.0,Eke -Nazareth,Oost-Vlaanderen,Belgium
248,548,G-SPORT VORSELAAR,Dutch,Vroegeinde 22,2290.0,Vorselaar,Antwerpen,Belgium
249,550,DE LOVIE,Dutch,Krombeekseweg 82,8970.0,Poperinge,West-Vlaanderen,Belgium
250,551,DE VIERKLAVER,Dutch,Haarkensstraat 32A,9850.0,Deinze,Oost-Vlaanderen,Belgium
251,552,GEELSE TTC,Dutch,Malosewaver 63,2440.0,Geel,Antwerpen,Belgium
252,553,GROENHOVE,Dutch,Leenstraat 31,9890.0,Vurste,Oost-Vlaanderen,Belgium
253,554,RECREAS KFC ALKEN,Dutch,Bampstraat 17 B,3830.0,Wellen,Limburg,Belgium
254,556,'T VOSJE VZW,Dutch,Crocussenstraat 11,1800.0,Vilvoorde,Vlaams Brabant,Belgium
255,557,SPORTCLUB TORDALE,Dutch,BRUGGESTRAAT 39,8820.0,Torhout,West-Vlaanderen,Belgium
256,558,ALTHUS,Dutch,Slijperstraat 3,8840.0,Oostnieuwkerke,West-Vlaanderen,Belgium
257,559,SINT ODA PELT,Dutch,Breugelweg 200,3900.0,Overpelt,Limburg,Belgium
258,560,FC MAASLAND NO,Dutch,Klaverstraat 13,3650.0,Rotem,Limburg,Belgium
259,561,DE OEVER,Dutch,Gasthuisstraat 10,2990.0,Wuustwezel (Gooreind),Antwerpen,Belgium
260,562,INSPIRANT,Dutch,Bitterzoetlaan 5a,8670.0,Oostduinkerke,West-Vlaanderen,Belgium
261,564,TRIANGEL SPORT,Dutch,Molendreef 16,9920.0,Lovendegem,Oost-Vlaanderen,Belgium
262,565,VZW KOMPAS,Dutch,Botestraat 131-133,9032.0,Wondelgem,Oost-Vlaanderen,Belgium
263,566,DE CLEYNEN BEMPT,Dutch,Delportestraat 2,3300.0,Tienen,Vlaams Brabant,Belgium
264,567,OOSTREM,Dutch,Oostremstraat 26,3020.0,Herent,Vlaams Brabant,Belgium
265,569,TER LINDE,Dutch,Kaleshoek 53,9800.0,Deinze,Oost-Vlaanderen,Belgium
266,570,PRIMAVERA DAGCENTRUM,Dutch,Terlindehofstraat 160,2170.0,Merksem,Antwerpen,Belgium
267,571,BOOTHUIS,Dutch,Heistlaan 123,8301.0,Knokke-Heist,West-Vlaanderen,Belgium
268,572,HAVENZATE,Dutch,Noordstraat 136,8630.0,Veurne,West-Vlaanderen,Belgium
269,573,JUDO CLUB MORI-NO-OTOKO,Dutch,Vroeneinde 73,2290.0,Vorselaar,Antwerpen,Belgium
270,574,DE VALIER,Dutch,Verlorenkoststraat 103,1770.0,Liedekerke,Oost-Vlaanderen,Belgium
271,575,UBUNTU,Dutch,Blokkestraat 29A,8550.0,Zwevegem,West-Vlaanderen,Belgium
272,576,AVALYMPICS  VZW,Dutch,Amerikalaan 32,2440.0,Geel,Antwerpen,Belgium
273,577,SCHOOL @ WATERKANT,Dutch,Stropkaai 38 A,9000.0,Gent,Oost-Vlaanderen,Belgium
274,578,G-VOETBAL EENDRACHT MECHELEN AAN DE MAAS,Dutch,Beekstraat 8,3630.0,Maasmechelen,Limburg,Belgium
275,579,SMASH BC,Dutch,Halstraat 142 / 2,3550.0,Heusden-Zolder,Limburg,Belgium
276,581,ZGEEL,Dutch,Weverstraat 4,2430.0,Eindhout Laakdal,Antwerpen,Belgium
277,582,LOOISE A.V.,Dutch,Eindhoutseweg 25,2440.0,Geel,Antwerpen,Belgium
278,583,G-SPORT PAJOTTENLAND,Dutch,Bosstraat 4,1755.0,Gooik,Vlaams Brabant,Belgium
279,584,BUSO 'T VURSTJEN,Dutch,Vurstjen 27,9940.0,Evergem,Oost-Vlaanderen,Belgium
280,585,DUIN EN POLDER,Dutch,G.B. Jacquesstraat 78,8600.0,Diksmuide,West-Vlaanderen,Belgium
281,586,SODAM,Dutch,Kasteeldreef 2,9830.0,Beerlegem - Zwalm,Oost-Vlaanderen,Belgium
282,587,SKAR,Dutch,Klein Park 1,3360.0,Lovenjoel,Vlaams Brabant,Belgium
283,588,VOLUIT,Dutch,Kramershoek 39,9940.0,Evergem,Oost-Vlaanderen,Belgium
284,589,DUINHELM,Dutch,Rietmustraat 24,8400.0,Oostende,West-Vlaanderen,Belgium
285,590,MARTINE VAN CAMP,Dutch,Turnhoutsebaan 57,3294.0,Molenstede-Diest,Vlaams Brabant,Belgium
286,592,SCHOONDERHAGE,Dutch,Schuitstraat 16,9401.0,Pollare,Oost-Vlaanderen,Belgium
287,593,SC MOZAIEK,Dutch,Wolfputstraat 106,9041.0,Oostakker - Gent,Oost-Vlaanderen,Belgium
288,595,JUNIORSGROEP,Dutch,Terlindenhofstraat 206,2170.0,Merksem,Antwerpen,Belgium
289,596,DE BOEG,Dutch,Ebergiste De Deynestraat 1,9000.0,Gent,Oost-Vlaanderen,Belgium
290,597,SPORTSCHUURKE,Dutch,Leenstraat 31,9890.0,Vurste,Oost-Vlaanderen,Belgium
291,599,ALVINNENBERG,Dutch,Gaston Feremanslaan 27,3001.0,Heverlee,Vlaams Brabant,Belgium
292,601,HOUTLAND ATLETIEKCLUB VZW G-TEAM ACHILLES,Dutch,Beckhofstraat 15,8820.0,Torhout,West-Vlaanderen,Belgium
293,602,HET BALANSKE,Dutch,Halensebaan 2,3390.0,Tielt-Winge,Vlaams Brabant,Belgium
294,603,KON. JUDO CLUB HASSELT,Dutch,Korte Breestraat 154,3500.0,Hasselt,Limburg,Belgium
295,604,G-BASKET BBC GEEL,Dutch,Heistraat 79,2440.0,Geel,Antwerpen,Belgium
296,605,KONING-ALBATROS,Dutch,Zavelstraat 73,1700.0,Dilbeek,Vlaams Brabant,Belgium
297,608,HEJMEN,Dutch,'s Hertogenlaan 62,3000.0,Leuven,Vlaams Brabant,Belgium
298,609,WIT HUIS,Dutch,Rijselstraat 13,8210.0,Loppem,West-Vlaanderen,Belgium
299,610,DE MOLENKREKELS,Dutch,Krekelstraat 17,9160.0,Lokeren,Oost-Vlaanderen,Belgium
300,611,BLIJDORP DENDERMONDE,Dutch,Baleunisstraat 70-72,9200.0,Dendermonde,Oost-Vlaanderen,Belgium
301,614,NIDO,Dutch,Verdunstraat 521/b,1130.0,Haren,Bruxelles,Belgium
302,615,BUSO DE DAGERAAD KORTESSEM VV,Dutch,Tapstraat 12,3720.0,Kortessem,Limburg,Belgium
303,616,SINT FERDINAND,Dutch,Sint Ferdinandstraat 1,3560.0,Lummen,Limburg,Belgium
304,617,MEKANDERS,Dutch,Steenweg op Oosthoven 25,2300.0,Turnhout,Antwerpen,Belgium
305,618,ROZEMARIJN,Dutch,Wageman 5,3140.0,Keerbergen,Vlaams Brabant,Belgium
306,621,BBC LIONS NIJLEN,Dutch,Italiëlei 171 / 4A,2060.0,,Antwerpen,Belgium
307,622,HUMIVAL,Dutch,Nijverheidsstraat 9,9950.0,Waarschoot,Oost-Vlaanderen,Belgium
308,624,INOA CAMPUS HANDZAME,Dutch,De zilten 52,8800.0,Roeselare,West-Vlaanderen,Belgium
309,625,DE BRON,Dutch,Lesseliersdreef 3,9120.0,Beveren,Oost-Vlaanderen,Belgium
310,626,RAVELIJN,Dutch,Barrierestraat 4 A,8200.0,Brugge St.-Michiels,West-Vlaanderen,Belgium
311,627,SALIX,Dutch,Stationsstraat 3,9690.0,Kluisbergen,Oost-Vlaanderen,Belgium
312,631,BASKETBALCLUB COBRAS,Dutch,Horstebaan 95,2900.0,Schoten,Antwerpen,Belgium
313,632,HET ROER,Dutch,Kramerslaan 3,3500.0,Hasselt,Limburg,Belgium
314,633,BA DE BEEMDEN,Dutch,Stuivenbergbaan 135,2800.0,Mechelen,Antwerpen,Belgium
315,634,WIRIC,Dutch,Diestersteenweg 59,3800.0,Sint-Truiden,Limburg,Belgium
316,635,MISPO BALEN,Dutch,Misseweg 22/3,2490.0,Balen,Antwerpen,Belgium
317,637,HET PUNT,Dutch,Bethaniëlei 5,2960.0,Brecht,Antwerpen,Belgium
318,639,DE ROER ME NIETEN,Dutch,Sint-Ferdinandstraat 1,3560.0,Lummen,Vlaams Brabant,Belgium
319,640,AVALI VZW,Dutch,Hemelstraat 27,3582.0,Koersel,Limburg,Belgium
320,642,DE GIEK,Dutch,Thomasboslaan 40,3630.0,Maasmechelen,Limburg,Belgium
321,643,KRACHT EN GEDULD,Dutch,Klein-Hulststraat 124,9100.0,Sint-Niklaas,Oost-Vlaanderen,Belgium
322,644,APOJO,Dutch,Herseltsesteenweg 35,3200.0,Aarschot,Vlaams Brabant,Belgium
323,645,SPORTIVIA,Dutch,Krommewege 44,9990.0,Maldegem,Oost-Vlaanderen,Belgium
324,646,DE POEL,Dutch,Dorpstraat 21,1701.0,Itterbeek,Vlaams Brabant,Belgium
325,648,DE NIEUWE BRUG,Dutch,Pontstraat 12,9831.0,Deurle,Oost-Vlaanderen,Belgium
326,651,ORANJE,Dutch,Brouwerijstraat 7,8340.0,Sijsele,West-Vlaanderen,Belgium
327,654,KVC WESTERLO,Dutch,De Merodedreef 189,2260.0,Westerlo,Antwerpen,Belgium
328,656,MOVIMENTO VZW,Dutch,Armand Segerslei 10,2640.0,Mortsel,Antwerpen,Belgium
329,657,DE VENNEBOWLERS,Dutch,Ganzenplein 5 bus 002,2200.0,Herentals,Antwerpen,Belgium
330,658,DAIS VZW,Dutch,Kamstraat 22,1750.0,Lennik,Vlaams Brabant,Belgium
331,659,LEVEDALE,Dutch,De Biest 10,1861.0,Wolvertem,Vlaams Brabant,Belgium
332,660,DE STEIGER,Dutch,Riddermoerstraat 30,2880.0,Bornem,Antwerpen,Belgium
333,661,ROBA,Dutch,Nobelstraat 144 A,3128.0,Baal,Vlaams Brabant,Belgium
334,663,STB GYMNASTICS BERCHEM,Dutch,Karel Coggestraat 25,2600.0,Berchem,Antwerpen,Belgium
335,664,TANDEM SPORT,Dutch,Onze Lieve Vrouwstraat 18,3590.0,Diepenbeek,Limburg,Belgium
336,665,TAFELTENNISCLUB ZELE VZW,Dutch,Guido Gezellestraat 23,9240.0,Zele,Oost-Vlaanderen,Belgium
337,666,CENTRUM THERAPEUTISCH PAARDRIJDEN,Dutch,Mastellenstraat 21b,3400.0,Landen,Vlaams Brabant,Belgium
338,669,OOSTHEUVEL,Dutch,Welzijnscampus 5 bus 31,3600.0,Genk,Limburg,Belgium
339,670,RAAKZAAM,Dutch,Onze-Lieve-Vrouwplein 31,9100.0,Sint Niklaas,Oost-Vlaanderen,Belgium
340,672,TANDEM  WEST,Dutch,R. Vandammestraat 48,8670.0,Koksijde,West-Vlaanderen,Belgium
341,673,BUITENBEENTJES,Dutch,Haneweestraat 2,9112.0,Sinaai,Oost-Vlaanderen,Belgium
342,674,DE BUITELAARS,Dutch,Zandvleuge 116,9900.0,Eeklo,Oost-Vlaanderen,Belgium
343,675,'T PERDJE,Dutch,Meerlaerstraat 20,2430.0,Laakdal,Antwerpen,Belgium
344,678,HET PLUIMKE,Dutch,Oud Kevelaer 14,3640.0,Kinrooi,Limburg,Belgium
345,680,TC STANDAARD WETTEREN-OCTOPUS MERELBEKE,Dutch,P/A Abrikozenstraat 13,9820.0,Merelbeke,Oost-Vlaanderen,Belgium
346,682,DE BORGGRAAF-HASSELT,Dutch,Arbeidstraat 72,3600.0,Genk,Limburg,Belgium
347,683,REAL FC BERG,Dutch,Bergerstraat 69,3680.0,Neeroeteren,Limburg,Belgium
348,685,HEISTSE TENNISCLUB VZW,Dutch,Boonmarkt 5-7,2220.0,Hallaar,Antwerpen,Belgium
349,686,GT WIMBLEDON,Dutch,Zoutleeuwsesteenweg 120,3803.0,Wilderen,Limburg,Belgium
350,689,T.C. DE DAGERAAD,Dutch,Rerum Novarumlaan 35,2340.0,Beerse,Antwerpen,Belgium
351,690,DE SCHELP,Dutch,Bethaniënlei 5,2960.0,Brecht,Antwerpen,Belgium
352,691,DE DIABOLO'S,Dutch,Lodewijck Van Berckenlaan 87,2600.0,Berchem,Antwerpen,Belgium
353,693,'T ATELJEE,Dutch,Sportveldlaan 21,2530.0,Boechout,Antwerpen,Belgium
354,694,DE PELIKAAN,Dutch,Anneessensstraat 27,8930.0,Menen,West-Vlaanderen,Belgium
355,695,INDIVIDUALS,Dutch,Brusselseswg 511/A,9050.0,Gentbrugge,Oost-Vlaanderen,Belgium
356,696,TRIANGEL JEUGDSPORT,Dutch,Molendreef 16c,9920.0,Lovendegem,Oost-Vlaanderen,Belgium
357,697,VONDELS VZW,Dutch,Ter Waarde 45,8900.0,Ieper,West-Vlaanderen,Belgium
358,699,'T VELDZICHT,Dutch,Julius Delaplacestraat 57,8310.0,Sint-Kruis Brugge,West-Vlaanderen,Belgium
359,700,ZONNESTRAAL VZW,Dutch,Sint-Niklaasstraat 24,1540.0,Herfelingen,Vlaams Brabant,Belgium
360,703,KABAS,Dutch,Paanderstraat 147,8540.0,Deerlijk,West-Vlaanderen,Belgium
361,704,G-BASKET LOMMEL,Dutch,Korte - Vorenweg 24,3920.0,Lommel,Limburg,Belgium
362,707,KBBC ZOLDER,Dutch,Schootstraat 217,3550.0,Heusden-Zolder,Limburg,Belgium
363,708,KSAV SINT-DIMPNA,Dutch,Pastoor Dergenstraat 28,2440.0,Geel,Antwerpen,Belgium
364,709,BC ASSE TERNAT,Dutch,Schapenbaan 8,1741.0,Ternat,Vlaams Brabant,Belgium
365,710,KOG-STASEGEM G-VOETBAL,Dutch,Veldrijk 22,8530.0,Harelbeke-Stasegem,West-Vlaanderen,Belgium
366,711,G-OMNISPORTCLUB VLAAMSE ARDENNEN,Dutch,Molenstraat 70,9690.0,Kluisbergen,Oost-Vlaanderen,Belgium
367,713,JC-GRUITRODE,Dutch,Kerkplein 1,3670.0,Meeuwen-Gruitrode,Limburg,Belgium
368,714,UNIFIED SAILING BELGIUM VZW,Dutch,Mussenhoevelaan 58,2530.0,Boechout,Antwerpen,Belgium
369,715,SOMIVAL VZW,Dutch,Olmstraat 85,8790.0,Waregem,West-Vlaanderen,Belgium
370,716,BBC GEMBO,Dutch,Lange Beeldekensstraat 102,2060.0,,Antwerpen,Belgium
371,718,VZW TENNISCLUB LUMMEN,Dutch,Sportweg 10,3560.0,Lummen,Limburg,Belgium
372,719,DE NISSE,Dutch,Gentsesteenweg 66,8500.0,Kortrijk,West-Vlaanderen,Belgium
373,720,KONINKLIJKE LEBBEEKSE ATLETIEKCLUB,Dutch,Heizijdestraat 29,9280.0,Lebbeke,Oost-Vlaanderen,Belgium
374,721,SPORTCLUB HUIS IN DE STAD VZW,Dutch,Hamelendreef 60,3300.0,Tienen,Vlaams Brabant,Belgium
375,722,'T HAVERENHOF VZW,Dutch,Haverenblok 99,1980.0,Eppegem,Vlaams Brabant,Belgium
376,723,KORTRIJK SPURS VZW,Dutch,Meiweg 63,8550.0,Zwevegem,West-Vlaanderen,Belgium
377,724,SPINSHUTTLE,Dutch,Sportpark Brasel,2480.0,Dessel,Antwerpen,Belgium
378,725,OSTEND TENNIS CLUB,Dutch,Koninginnelaan 83,8400.0,Oostende,West-Vlaanderen,Belgium
379,727,AC DEINZE,Dutch,Gentstraat 68 /B15,9800.0,Deinze,Oost-Vlaanderen,Belgium
380,729,2GETHER ON WHEELS,Dutch,Van De Wiellei 136,2930.0,Brasschaat,Antwerpen,Belgium
381,730,BBC FALCO GENT,Dutch,Rietorchisstraat 11,9000.0,Gent,Oost-Vlaanderen,Belgium
382,731,GYMFLEX VZW,Dutch,Lemmensstraat 42,2800.0,Mechelen,Antwerpen,Belgium
383,732,TERNATSE OMNISPORT VOOR ANDERSVALIDEN,Dutch,Doelstraat 51,1741.0,Wambeek,Vlaams Brabant,Belgium
384,733,NET CONNECT CYCLING TEAM,Dutch,Molenberg 57,2460.0,Kasterlee,Antwerpen,Belgium
385,734,AC HERENTALS,Dutch,Sint Waldetrudisstraat 59,2200.0,Herentals,Antwerpen,Belgium
386,735,GEMEENTELIJKE TENNIS TESSENDERLO,Dutch,Oude Tramlijn 13,2430.0,Laakal,Limburg,Belgium
387,736,OKIDO BASKET,Dutch,Kerkstraat 127,2370.0,Arendonk,Antwerpen,Belgium
388,738,DALO VZW,Dutch,Koningsstraat 56,3920.0,Lommel,Limburg,Belgium
389,740,TER HEIDE,Dutch,Klotstraat 125,3600.0,Genk,Limburg,Belgium
390,741,GYM MOL,Dutch,Lange Blok 11,2431.0,Laakdal,Antwerpen,Belgium
391,742,NOORDERWIJKSE BADMINTONCLUB,Dutch,Oude Dreef 21,2200.0,Noorderwijk,Antwerpen,Belgium
392,744,OC CIRKANT,Dutch,Aartrijksestraat 77,8211.0,Aartrijke,West-Vlaanderen,Belgium
393,745,GENTSE G-DUIVELS,Dutch,Iréne Joliotstraat 6,9032.0,Wondelgem,Oost-Vlaanderen,Belgium
394,746,A-JUDOCLUB TATAMIVRIENDEN,Dutch,Rupelmondestraat 257,9150.0,Bazel,Oost-Vlaanderen,Belgium
395,747,LOKERSE BADMINTONCLUB,Dutch,Sportlaan 2-3,9160.0,Lokeren,Oost-Vlaanderen,Belgium
396,748,TTC RECREAS GULLEGEM,Dutch,Tulpenpark 36,8510.0,Rollegem,West-Vlaanderen,Belgium
397,749,LIONS TORHOUT,Dutch,Koningsdreef 5,8820.0,Torhout,West-Vlaanderen,Belgium
398,750,BALTI SPECIALS KORTRIJK,Dutch,"Minister A. de Clercklaan, 15",8500.0,Kortrijk,West-Vlaanderen,Belgium
399,751,WAASLANDSE G-BASKETTERS,Dutch,"Leo Verbeecklaan 3, bus 8",2070.0,Burcht,Antwerpen,Belgium
400,752,GFC SK BEVEREN,Dutch,Nieuwe steenweg 47,9140.0,Elversele,Oost-Vlaanderen,Belgium
401,753,EUROSTARS,Dutch,Nieuwdreef 113/5,2170.0,Merksem,Antwerpen,Belgium
402,754,NO LIMIT VZW,Dutch,Moerelei 123,2610.0,Wilrijk,Antwerpen,Belgium
403,755,WAVERSE BADMINTONCLUB,Dutch,Eikenboslaan 3 bus 101,2500.0,Koningshooikt,Antwerpen,Belgium
404,756,DE BOOMHUT,Dutch,Kerkstraat 40,2850.0,Boom,Antwerpen,Belgium
405,757,ANTWERP CYCLING TEAM KONTICH,Dutch,KONINGIN ASTRIDLAAN 78,2550.0,Kontich,Antwerpen,Belgium
406,758,K.W.T.P.C.,Dutch,Tennislaan 16,3600.0,Genk,Limburg,Belgium
407,759,K SCHELLE SPORT,Dutch,Kapelstraat 140,2627.0,Schelle,Antwerpen,Belgium
408,760,BRAXGATA,Dutch,Grote Steenweg 616,2600.0,Berchem,Antwerpen,Belgium
409,761,ROYAL VICTORY HOCKEY CLUB,Dutch,Koniging Elisabethlei 8,2018.0,,Antwerpen,Belgium
410,762,HORSE FUN VERBRANDE BRUG,Dutch,Grimbergsesteenweg 323,1980.0,Eppegem,Vlaams Brabant,Belgium
411,763,GEELSE KAJAKVAARDERS,Dutch,Kluterstraat 19,2440.0,Geel,Antwerpen,Belgium
412,764,KMTHC,Dutch,Zemstseweg 39,2800.0,Mechelen,Antwerpen,Belgium
413,765,KHC DRAGONS vzw,Dutch,Sportendreef 1,2930.0,Brasschaat,Antwerpen,Belgium
414,766,VRIJBROEK HOCKEY CLUB MECHELEN,Dutch,Hombeeksesteenweg 262,2800.0,Mechelen,,Belgium
415,767,GIDOS,Dutch,Kruishoutemseweg 193,8790.0,Waregem,West-Vlaanderen,Belgium
416,768,KONINKLIJKE TURNKRING BOOM,Dutch,Gasstraat 23,2850.0,Boom,Antwerpen,Belgium
417,769,JUDO CLUB LEOPOLDSBURG,Dutch,Jean Lenaersstraat 9,3971.0,Leopoldsburg,Limburg,Belgium
418,770,BADMINTON WAREGEM,Dutch,Meerstraat 5,8790.0,Waregem,West-Vlaanderen,Belgium
419,771,3MASTER,Dutch,Kempenstraat 32,2460.0,Kasterlee,Antwerpen,Belgium
420,772,TURNKRING DEUGD EN MOED EKEREN,Dutch,Oorderseweg 83 bus 6,2180.0,Ekeren,Antwerpen,Belgium
421,773,BOAS,Dutch,President Rooseveltplein 20,8500.0,Kortrijk,West-Vlaanderen,Belgium
422,774,SwimAcad,Dutch,Gestichtstraat 18,9000.0,Gent,Oost-Vlaanderen,Belgium
423,775,MANEGE DENNENHOF,Dutch,Dennendreef 64,9850.0,Landegem,Oost-Vlaanderen,Belgium
424,776,K. SPORTING WIJCHMAAL,Dutch,Sportlaan 10,3990.0,Peer,,Belgium
425,777,CITY PIRATES,Dutch,Speelpleinstraat 72,2170.0,Merksem,Antwerpen,Belgium
426,778,BELOEGA FIT,Dutch,Schoolstraat 25,3020.0,Herent,Vlaams Brabant,Belgium
427,779,Ruitersclub Domein Leiedal,Dutch,Kruiskouter 54,8501.0,Bissegem,West-Vlaanderen,Belgium
428,780,BASKET DESSELGEM,Dutch,Reinareweg 9,8791.0,Waregem,West-Vlaanderen,Belgium
429,781,ESSENSE TENNISCLUB INTER,Dutch,Lazaret 11,2910.0,Essen,Antwerpen,Belgium
430,782,Sportgroep Vaste Vuist Lauwe,Dutch,Lauwbergstraat 99,8930.0,Lauwe,West-Vlaanderen,Belgium
431,783,KIDS HASSELT,Dutch,Borggravevijversstraat 9,3500.0,Hasselt,Limburg,Belgium
432,784,KONINKLIJKE HOCKEYCLUB BRUGGE,Dutch,K. Leopold III Laan 115a,8200.0,Brugge,West-Vlaanderen,Belgium
433,785,G-VOETBAL KORTRIJK,Dutch,Beneluxepark 26,8500.0,Kortrijk,West-Vlaanderen,Belgium
434,786,KHC SAINT-GEORGES,Dutch,Doorniksewijk 1,8500.0,Kortrijk,West-Vlaanderen,Belgium
435,787,ATHLETES FOR HOPE,Dutch,Zavelbergen 12,29900.0,Wuustwezel,Antwerpen,Belgium
436,788,HERK-SPORT,Dutch,Sint-Lambrechtsherkstraat 96,3500.0,Hasselt,Limburg,Belgium
